case_id,vuln_type,audit_report,gt,eval_score,eval_input_token_num,eval_output_token_num,eval_inference_time
11,access control," NO, the provided `TestContract` code does not contain any obvious vulnerabilities related to access control in the provided excerpt. However, it is still important to review the entire contract and its interactions with other contracts, as access control vulnerabilities can sometimes be found in less obvious places or in the interaction between contracts. The `onlyOwner` modifier in the `TestContract` seems to be correctly implemented, only allowing the contract owner to call the `withdrawAll()` function. The `MultiOwnable` contract also has some access control checks in place. However, without reviewing the entire contract and its use cases, it is not possible to say for certain that there are no access control vulnerabilities.",access control,3.0,666.0,6.0,0.9018359184265137
12,access control," The answer is NO, the provided code is not vulnerable to the mentioned access control issue. The `Missing` contract has an `onlyowner` modifier that is used correctly to restrict the `withdraw` function, ensuring that only the owner can withdraw funds. However, the `missing()` function still allows any address to become the owner, which is a potential vulnerability. The `getUpgradeCardsInfo` function in the `GameConfig` contract is not relevant to the discussed access control issue.",access control,3.0,627.0,6.0,0.8512594699859619
13,access control," NO, the provided code for the outer contract ""Rubixi"" is not vulnerable to the specific access control issue mentioned earlier. The vulnerability in the ""DynamicPyramid"" function is not related to access control, but to the visibility of the function and the state variable ""creator"". The ""creator"" state variable should be declared as ""public"" instead of ""private"" if it is intended to be set in the constructor and used in the ""onlyowner"" modifier. However, the ""onlyowner"" modifier is also only used in functions that do not need it, as they are not modifying the contract state.

The inner contract ""GameConfig"" does not contain any functions that can be evaluated for vulnerabilities in the context of the provided code.",access control,2.0,678.0,6.0,1.0761439800262451
14,access control," NO, the provided GameConfig code does not have an access control vulnerability based on the given code snippet. The functions in this contract do not modify the contract's state and are either constant or external, so there is no risk of unauthorized access or manipulation. However, it is important to note that the contract's security depends on the correct implementation and security of other parts of the system that interact with it.",access control,1.0,610.0,6.0,1.0317070484161377
15,access control," The smart contract code is vulnerable. The vulnerability lies in the `IamMissing()` function in the `Missing` contract. The function is supposed to set the `owner` variable to the address of the contract creator, but it does not use the `onlyowner` modifier. This means that any address can become the owner of the contract by calling this function. Therefore, an attacker can call this function to gain control over the contract and steal its funds by calling the `withdraw()` function.",access control,3.0,627.0,6.0,0.7737064361572266
16,access control," NO, this contract does not appear to have the same access control vulnerability as the first one. The `getUpgradeCardsInfo` function is marked `external constant`, which means it cannot modify the contract's state and can only be called by other contracts or transactions that already have the necessary permissions.

However, it's important to note that the `GameConfig` contract is not shown in full, so there may be other vulnerabilities in the parts that were not included. It's always a good idea to perform a thorough audit of any smart contract before deploying it to the blockchain.",access control,1.0,642.0,6.0,1.066333293914795
17,access control," NO, the provided code does not contain the vulnerability mentioned in the previous contract. The Proxy contract still has the same issue with delegatecall, but the GameConfig contract is not directly vulnerable to access control issues based on the provided code. However, it's important to note that the GameConfig contract's functions are marked as external and constant, which means they can only read state variables and cannot modify them. If there are any functions in the GameConfig contract that modify state variables, they should be reviewed for access control issues.",access control,1.0,633.0,6.0,0.7882306575775146
18,access control," NO, the provided GameConfig code snippet does not contain any obvious access control vulnerabilities based on the information given. The functions do not have any require statements that check the msg.sender, but since there are no functions that allow changing the state of the contract, there is no risk of an access control issue. However, it's important to note that the GameConfig contract is only a part of the whole system, and there might be vulnerabilities in other parts of the system that interact with this contract.",access control,1.0,627.0,6.0,0.7902679443359375
19,access control," The smart contract code is NO longer vulnerable to the specific access control issue identified in the first contract. The reason is that the contract `Missing` does not have any functions that allow changing the owner address or any other functions that could be exploited due to this access control issue. However, it's important to note that the `Missing` contract still has other potential vulnerabilities, such as the lack of modifier usage in the constructor function, which should be addressed.

The `GameConfig` contract is a separate contract and does not contain the same access control issue as the `Missing` contract. However, it has its own set of potential vulnerabilities, such as the use of `constant` in the `getUpgradeCardsInfo` function, which could potentially be exploited if the function is not implemented correctly. It's important to thoroughly test and audit all smart contract code before deploying it to a production environment.",access control,2.0,706.0,6.0,0.8266270160675049
20,access control," The answer is:

NO, the provided code is not vulnerable to access control issues.

The reason is that the code does not contain any functions that change the contract's state based on the `msg.sender` or any other address. Therefore, there is no risk of access control vulnerabilities in this code.

However, it is important to note that the `GameConfig` contract is included in the code, but it is not relevant to the access control vulnerability. The `GameConfig` contract does not contain any functions that change the contract's state based on the `msg.sender` or any other address either.

Overall, the provided code is not vulnerable to access control issues.",access control,1.0,663.0,6.0,0.8744699954986572
21,access control," NO, the provided code for the `MyContract` contract does not contain any vulnerabilities related to access control. However, it is important to note that the `sendTo` function is still vulnerable to a reentrancy attack, as was mentioned in the original audit steps.

The `MyContract` contract only has one function, `sendTo`, which is already known to be vulnerable due to the use of `tx.origin` for access control. Therefore, there is no need to evaluate the extracted elements for vulnerabilities, as they are not used in this contract.

However, it is still important to ensure that the rest of the codebase, including the `GameConfig` contract, is audited for potential vulnerabilities.",access control,2.0,672.0,6.0,0.8043200969696045
22,access control," Answer:

NO, the provided GameConfig contract does not contain any access control vulnerabilities based on the provided code. The functions in the contract do not modify the state variables directly and do not have any modifier that changes their behavior. However, it is important to note that the contract's functions are all external and constant, which means they can be called by anyone and do not change the contract's state. Therefore, it is crucial to ensure that these functions are only callable by authorized addresses and that they handle input validation properly to prevent potential security issues.

Additionally, it is always recommended to perform a thorough security audit of any smart contract before deploying it to the mainnet, even if it appears to be secure. A security audit can help identify potential vulnerabilities and ensure that the contract meets best practices for smart contract development.",access control,1.0,691.0,6.0,0.782224178314209
23,access control," NO, the provided SimpleSuicide contract in the second code block does not have the same access control vulnerability as the first one. The first contract's `sudicideAnyone` function allows any caller to destroy the contract, while the second contract does not contain such a function. However, it is important to note that the second contract has other potential issues, such as the use of the deprecated `SafeMath` library and the lack of visibility modifiers for the `getUpgradeCardsInfo` function and the `UpgradeCard` struct.",access control,2.0,636.0,6.0,0.8203127384185791
24,access control," NO, the provided code is not vulnerable in the given context. The `Unprotected` contract has an `onlyowner` modifier that is used in the `changeOwner` function, ensuring that only the owner can change the owner address. However, the `GameConfig` contract is a separate contract and is not using the `onlyowner` modifier, so it has its own access control that needs to be evaluated separately. The `getUpgradeCardsInfo` function is external and constant, so it does not change the contract state and does not need access control.",access control,1.0,642.0,6.0,0.8888952732086182
25,access control," The answer is: NO.

The provided code does not contain the same vulnerability as the first code snippet. It does not use `tx.origin` in its `withdrawAll` function, so it is not vulnerable to access control issues at this point. However, this does not mean that the contract is secure overall. Other potential vulnerabilities may exist in the unreviewed parts of the contract.",access control,1.0,607.0,6.0,0.7664279937744141
26,access control," Yes, the smart contract code is vulnerable to access control issues. The vulnerability lies in the fact that the `delegatecall` function is used in both the `withdraw` function (line 18) and the fallback function (line 27), which allows any user to execute any function on the `fibonacciLibrary` contract by sending a transaction with the appropriate data. This bypasses the access control mechanisms that may be in place in the `fibonacciLibrary` contract. Additionally, the `delegatecall` function executes the code of the `fibonacciLibrary` contract with the context (i.e. storage and message call data) of the `FibonacciBalance` contract, which can lead to unintended consequences.

The `getUpgradeCardsInfo` function, the `UpgradeCard` struct, the `upgradeInfo` mapping, and the `PLATPrice` variable do not appear to be directly related to the access control vulnerability in the `FibonacciBalance` contract. However, they may introduce additional vulnerabilities in the `FibonacciLib` contract, which is being called using `delegatecall`. Therefore, it is important to thoroughly audit the `FibonacciLib` contract as well.",access control,3.0,767.0,6.0,0.963909387588501
27,unchecked low level calls," NO, the provided code is not vulnerable to the same type of attack as the previous code. The `call.value` function is not used in this code, so there is no risk of an unchecked low level call vulnerability. However, it's always important to check return values and handle errors appropriately when making external calls.",unchecked low level calls,1.0,594.0,6.0,1.2736873626708984
28,unchecked low level calls," The provided smart contract code is vulnerable. The function `withdraw()` at line 59 does not check the return value of `owner.send(balance)` at line 62. If the send fails, the function will still return true, allowing the caller to believe the withdrawal was successful when it wasn't.",unchecked low level calls,3.0,590.0,6.0,0.7959942817687988
29,unchecked low level calls," Answer:

NO.

The code you provided does not contain the unchecked low level calls vulnerability. It is a different code from the one you described earlier. This code only contains a function that returns the upgrade card information and does not contain any low level calls without return value checks.",unchecked low level calls,1.0,586.0,6.0,0.8124606609344482
30,unchecked low level calls," The new given code is not vulnerable to the same issue as the previous one because it does not contain any low level calls like send(). The only function that could potentially have such a vulnerability is the `wizardAddress.send(amount)` function in the `sweepCommission` method. However, since `wizardAddress` is the address of the contract creator, who should be trusted, I would argue that it is not vulnerable in this case.

Therefore, my answer is:

NO.",unchecked low level calls,3.0,626.0,6.0,0.8011326789855957
31,unchecked low level calls," NO, the provided code is not vulnerable to the same type of vulnerability as the previous one. It does not use any low-level call functions like `call()`, `callcode()`, `delegatecall()`, or `send()` without checking their return values. However, it's important to note that this code snippet doesn't include the full contract, so there could be vulnerabilities elsewhere.",unchecked low level calls,1.0,607.0,6.0,0.8465774059295654
32,unchecked low level calls," The new smart contract code is not vulnerable in the given function `getUpgradeCardsInfo()`. The reason is that it does not use any low-level call functions like `call()`, `callcode()`, `delegatecall()`, or `send()`. Instead, it uses a `constant` function with a read-only operation, which does not involve any external interactions that could fail.",unchecked low level calls,1.0,609.0,6.0,0.789330005645752
33,unchecked low level calls," NO, the provided code is not vulnerable to the unchecked low level calls vulnerability. The `callnotchecked` function in the initial contract is vulnerable, but the given contract does not contain any such low level calls. The `getUpgradeCardsInfo` function in the provided contract is safe as it does not use `.call()` or any other low level call functions.",unchecked low level calls,1.0,604.0,6.0,0.8191037178039551
34,unchecked low level calls," NO, the provided code is not vulnerable to the same type of vulnerability as the previous contract. The `transfer` function in this contract is still vulnerable to reentrancy attacks and other issues, but it does not contain the specific unchecked low level call vulnerability as the original contract.",unchecked low level calls,2.0,587.0,6.0,0.782395601272583
35,unchecked low level calls," The provided code for the `Pie` contract is not vulnerable to the same type of vulnerability as the original code. The `Pie` contract does not contain any low level function calls like `call`, `callcode`, `delegatecall`, or `send` that do not propagate errors and require manual error checking.

However, it is always important to thoroughly test and audit any smart contract code to ensure its security and reliability. It is also recommended to use the latest version of Solidity and follow best practices for secure coding.",unchecked low level calls,3.0,635.0,6.0,0.8588831424713135
36,unchecked low level calls," NO, the provided code does not have the unchecked low level calls vulnerability. The only low level call in the code is in the `WithdrawToken` function of the `Token` contract, but it checks the return value of the call. Therefore, even though it is a low level call, it is not vulnerable to the unchecked low level calls vulnerability.",unchecked low level calls,3.0,602.0,6.0,0.8094406127929688
37,unchecked low level calls," NO, the provided code is not vulnerable to the same type of low-level call vulnerability. The code does not contain any low-level calls like call(), callcode(), delegatecall(), or send() that can lead to unchecked return values. However, it's important to note that the code snippet only includes the `Centra4` contract, and the `GameConfig` contract is not shown. Therefore, the entire smart contract should be thoroughly audited to ensure there are no other vulnerabilities.",unchecked low level calls,1.0,627.0,6.0,0.8630719184875488
38,unchecked low level calls," NO, this contract does not contain the unchecked low level call vulnerability. The only low level call in the code is in the `WithdrawToken` function of the `Token` contract, but it checks the return value of the call. However, the `TokenBank` contract inherits from `Token` and overwrites the `WithdrawToken` function, so the version in `Token` is not reachable. The overwritten version in `TokenBank` does not contain any low level calls.",unchecked low level calls,1.0,628.0,6.0,0.796668529510498
39,unchecked low level calls," Yes, the smart contract code is vulnerable due to unchecked low level calls. The vulnerability lies in lines 58, 61, 64, and 67 where `call.value()` is used without checking its return value. If the call fails, the execution will continue, potentially leading to unwanted outcomes.",unchecked low level calls,3.0,592.0,6.0,0.8141348361968994
40,unchecked low level calls," Yes, the second code snippet is also vulnerable. The vulnerability exists in the `execute` function of the `Owned` contract, which is inherited by the `Marriage` contract. The `execute` function calls another contract using the low-level `.call.value()` function without checking its return value. If the called contract throws an exception, it will not be caught, and the execution will continue, potentially causing unwanted effects. The specific line is: `_dst.call.value(_value)(_data);`.",unchecked low level calls,3.0,631.0,6.0,0.7927899360656738
41,unchecked low level calls," Yes, the provided code is vulnerable to the same issue as the previous code. The vulnerability lies in the line 62 of the `WedIndex` contract:

`_dst.call.value(_value)(_data);`

The `call.value()` function can throw an exception if it fails, but since it is not checked, the contract will continue executing and possibly fail. This can lead to unwanted outcomes, such as failing to transfer funds. The issue is that the return value of the low-level call is not checked, so if the call fails, the contract will not be aware of it and may continue executing incorrectly.",unchecked low level calls,3.0,654.0,6.0,0.799755334854126
42,unchecked low level calls," NO, this contract is not vulnerable in the same way as the first one. The code does not contain any low level function calls like `call`, `callcode`, `delegatecall`, or `send`. However, it is still important to note that the `WhaleGiveaway1` contract is insecure and should not be used in its current state due to other vulnerabilities present.

The `GameConfig` contract included in the code does not contain any obvious vulnerabilities based on the provided code. However, it is always important to thoroughly test and audit any smart contract before deploying it to a live network.",unchecked low level calls,1.0,652.0,6.0,1.0468804836273193
43,unchecked low level calls," NO, the provided code is not vulnerable to the same type of vulnerability as the previous one. The provided code does not use the `send` function, so it is not vulnerable to unchecked low level calls. However, it is always important to check the return value of low level calls to ensure they were successful.",unchecked low level calls,1.0,594.0,6.0,0.8287444114685059
44,unchecked low level calls," The provided code for the `FreeEth` contract includes a `Command` function that uses the low-level `call.value()` function without checking the return value. This is similar to the vulnerability in the original code. Therefore, the answer is:

- YES, the `Command` function is vulnerable because it uses a low-level call without checking the return value. This can lead to fail-opens and other unwanted outcomes if the called contract throws an exception.",unchecked low level calls,3.0,622.0,6.0,0.7725353240966797
45,unchecked low level calls," Yes, the contract is vulnerable. The vulnerability lies in the `execute` function in the `Owned` contract, which is called in the `fill` function of the `TokenSender` contract. The `execute` function uses the low-level `.call.value()` function, which can result in fail-opens and other unwanted outcomes if the return value is not checked. The code should include a check for the return value of the `.call.value()` function to ensure that the function executed successfully.",unchecked low level calls,3.0,630.0,6.0,0.779167652130127
46,unchecked low level calls," The answer is NO. The provided code does not contain the vulnerability of unchecked low level calls. It only includes a struct, a mapping, a variable, and a function to get the upgrade card information, but it does not include any low-level calls like send() without proper error checking.

However, it is important to note that the code snippet you provided is not the complete contract and there might be other vulnerabilities in the parts of the contract that you did not include in your question. Therefore, it is always recommended to thoroughly audit the entire smart contract code.",unchecked low level calls,1.0,643.0,6.0,0.771437406539917
47,unchecked low level calls," Yes, the smart contract code is vulnerable due to the unchecked low level call in the `WithdrawToken` function of the `Token` contract, similar to the previous example. The line of code in question is:

```solidity
token.call(bytes4(sha3(""transfer(address,uint256)"")),to,amount);
```

This contract is at risk of fail-opens and unwanted outcomes if the return value of the low-level call is not checked.",unchecked low level calls,3.0,623.0,6.0,0.8038971424102783
48,unchecked low level calls," NO, the provided code is not vulnerable to the same type of vulnerability as the previous one. The `transfer` function is still present and potentially vulnerable, but the `getUpgradeCardsInfo` function is not vulnerable to unchecked low level calls. It does not contain any low level function calls that could be vulnerable.",unchecked low level calls,1.0,594.0,6.0,0.837838888168335
49,unchecked low level calls," NO, this contract is not vulnerable based on the provided code. The code you have given is a contract with a receiver function, a redeem function, a withdraw function, and a Command function to interact with other contracts. There are no low-level calls made in this contract that would need to be checked.

However, it is important to note that the `Command` function allows the owner to call any other contract with any data, which can be dangerous if the called contract has vulnerabilities. It is important to ensure that any contracts interacted with in this way are secure and do not allow for unchecked low-level calls.",unchecked low level calls,1.0,653.0,6.0,4.072079658508301
50,unchecked low level calls," NO, this contract is not vulnerable to the same type of low-level call vulnerability as the first contract. However, it does have other potential issues. The `Command` function calls an arbitrary address with `adr.call.value(msg.value)(data)`, which could potentially lead to the same type of vulnerability if the `adr` address is controlled by an attacker or a malicious contract. Additionally, the contract does not appear to have any checks for the `data` parameter, so it could potentially cause issues if it contains malicious code.

The rest of the contract seems to be a configuration contract for a game, but it is not fully implemented and does not contain any vulnerabilities based on the provided code. However, it is always important to thoroughly test and audit any smart contract before deploying it to a live network.",unchecked low level calls,2.0,692.0,6.0,0.9622766971588135
51,unchecked low level calls," NO, the provided code is not vulnerable to the same type of attack as the previous code. The `sendMoney` function in the previous code was making an unchecked low level call using `call.value(_value)(_data)`, which could potentially allow an attacker to execute arbitrary code. In the given code, there is no such low level call, so it is not vulnerable to this type of attack.

However, it is still important to note that the `sendMoney` function is still a potential security risk, as it allows the owner to send arbitrary data to any address. This could potentially lead to security vulnerabilities if the data being sent is not properly checked and validated. It is always important to carefully consider the potential risks and attack vectors when writing smart contracts.",unchecked low level calls,2.0,684.0,6.0,0.7636985778808594
52,unchecked low level calls," NO, the provided code is not vulnerable to the same type of vulnerability. The code uses the `.call` function, but it's not an unchecked low level call because it checks the return value of the call (even though it's not done in the same function due to the contract's structure). The `.call` is used inside the `transfer` function of the external contract `EBU`, but the return value of this call is being checked in the `transferFrom` function of the recipient contract.

However, it's important to note that the `.call` method can still be a source of vulnerabilities if not used with care, for example, if the recipient contract's `transferFrom` function does not handle the `.call` return value correctly.",unchecked low level calls,2.0,680.0,6.0,0.7932624816894531
53,unchecked low level calls," NO, the provided code does not have the unchecked low level calls vulnerability. The contract B in the provided code does not contain any low level function calls like call(), callcode(), delegatecall() or send(). Hence, it is not vulnerable to the mentioned vulnerability. However, it is always a good practice to check the return value of these functions to ensure the contract continues to execute only if the low level call was successful.",unchecked low level calls,1.0,616.0,6.0,0.8140542507171631
54,unchecked low level calls," NO, the provided GameConfig code is not vulnerable in the way described. The code does not contain any low level calls like call(), callcode(), delegatecall(), or send(). It only contains a constant getter function that returns values from a mapping and a struct, which do not have inherent vulnerabilities. However, it's important to note that the overall contract security also depends on the security of the other parts of the contract and the smart contract best practices followed in the entire contract.",unchecked low level calls,1.0,626.0,6.0,0.8431482315063477
55,unchecked low level calls," NO, this contract is not vulnerable in the same way as the first one. The code does not contain any low level function calls that can be used in an unchecked way. However, it is worth noting that the contract does not use the SafeMath library for arithmetic operations, which could potentially lead to overflows or underflows. Also, the `GameConfig` contract is not shown in full, so there could be vulnerabilities in the parts that are not provided.",unchecked low level calls,2.0,624.0,6.0,0.8169019222259521
56,unchecked low level calls," NO, the provided code is not vulnerable to the same type of vulnerability. The code is using the `call` function on an address variable `fuck` which is potentially dangerous if not used correctly. However, the provided code for the `RealOldFuckMaker` contract is not the one being audited for vulnerabilities.

The `GameConfig` contract that was extracted has no low-level calls and does not inherit the vulnerability from the `RealOldFuckMaker` contract. Therefore, based on the provided code, the `GameConfig` contract is not vulnerable to the same type of vulnerability.",unchecked low level calls,1.0,648.0,6.0,0.8377678394317627
57,unchecked low level calls," Yes, the smart contract code is vulnerable due to the same issue as the previous code. In the `proxy` function of the `Proxy` contract, the low level call method `call.value(msg.value)(data)` is used without checking the return value. If the call to `target` fails, the contract will continue executing and may cause unintended behavior. This is the same vulnerability as in the original code and should be addressed by adding a check for the return value and implementing proper error handling.",unchecked low level calls,3.0,631.0,6.0,0.8136577606201172
58,unchecked low level calls," NO, the provided code is not vulnerable to the same type of vulnerability as the first contract. The `GameConfig` contract does not contain any low-level calls such as `call`, `callcode`, `delegatecall`, or `send` that do not propagate errors and could lead to fail-opens if the return value is not checked.

However, it's important to note that the `airdrop` contract still has the same vulnerability and should not be used as it is.

Additionally, the `getUpgradeCardsInfo` function in the `GameConfig` contract should be marked `view` or `pure` since it does not modify the contract's state and only returns information. This can help prevent unintentional state changes and improve gas efficiency.",unchecked low level calls,3.0,682.0,6.0,0.8083698749542236
59,unchecked low level calls," NO, the provided code does not have the unchecked low level calls vulnerability. The code uses the `.call.value` function in line 44, but it is not an unchecked low level call because it is used inside a `require` statement, which will prevent the contract from continuing execution if the call fails. However, it is important to note that the `require` statement should include a check for the return value of the `.call.value` function to ensure that the call was successful and that the funds were transferred correctly.",unchecked low level calls,1.0,636.0,6.0,0.8741397857666016
60,unchecked low level calls," NO, the provided code is not vulnerable to the same type of low-level call vulnerability. The `callAddress` function in the previous contract is making an unchecked low-level call, whereas the `getUpgradeCardsInfo` function in the new contract is performing calculations and returning values without making any low-level calls.

However, it's important to note that the new contract could still have other vulnerabilities. It's always crucial to thoroughly test and audit smart contracts before deploying them to the mainnet.",unchecked low level calls,1.0,627.0,6.0,0.8091323375701904
61,unchecked low level calls," Answer:

NO, the provided code does not have the unchecked low level call vulnerability. The code only uses the `.transfer()` function to send ether, which will automatically revert if there is not enough balance or if the call fails for any other reason. There are no instances of `.call.value()()`, `.delegatecall()`, `.callcode()`, or `.send()` in the code, so there is no unchecked low level call vulnerability.",unchecked low level calls,1.0,620.0,6.0,0.8480310440063477
62,unchecked low level calls," NO, the provided code does not have the unchecked low level call vulnerability. The code only defines some structs, variables, and a function to get information about an upgrade card in the `GameConfig` contract, but it does not contain any low level calls (like `call.value`, `delegatecall`, etc.) that could be vulnerable to unchecked return values. However, it's important to note that the `EtherGet` contract in the first example has the vulnerability, but it's not present in the `GameConfig` contract or the `EtherGet` contract in the second example.",unchecked low level calls,3.0,647.0,6.0,0.840430736541748
63,unchecked low level calls," NO, the provided code does not have the same vulnerability as the first code snippet. It does not use any low level functions like call(), callcode(), delegatecall(), or send(). Therefore, it does not have the issue of unchecked low level calls. However, it is always important to check the rest of the vulnerabilities mentioned in the guide.",unchecked low level calls,1.0,600.0,6.0,0.8015460968017578
64,unchecked low level calls," Yes, the contract code is vulnerable due to the unchecked low level call in the `proxy` function, similar to the previous contract. The line of code in the `proxy` function of the `Proxy` contract is:

```
target.call.value(msg.value)(data);
```

This line is vulnerable because it does not check the return value of the low level call, which can result in fail-opens and other unwanted outcomes if the call to `target` fails. The rest of the provided code does not seem to contain any obvious vulnerabilities based on the given steps, but a thorough audit would require a more in-depth analysis.",unchecked low level calls,3.0,658.0,6.0,0.8402688503265381
65,unchecked low level calls," NO, the new provided code does not have the same vulnerability as the original code. The new code does not use low level calls like `call()`, `callcode()`, `delegatecall()`, or `send()` which were the source of the original vulnerability. The new code is calling a function in the `GameConfig` contract, which is done using a direct function call, not a low level call. Therefore, it does not have the same vulnerability.

However, I would like to point out that the `transfer` function in the `airDrop` contract is still vulnerable to reentrancy attacks, as there is no check for the return value of the `call()` function, and the contract state is modified within the loop. Additionally, the `call()` function is being used to call a function with a state-changing operation, which is generally not recommended and can lead to unexpected behavior. It would be better to use a pattern such as the ""Checks-Effects-Interactions"" pattern, where all checks are performed before any changes to the contract state are made, and interactions with other contracts are kept to a minimum.",unchecked low level calls,1.0,759.0,6.0,0.8096973896026611
66,unchecked low level calls," NO, this contract does not contain the unchecked low level call vulnerability. The only low level call in the code is in the `WithdrawToken` function of the `Token` contract, but it checks the return value of the call. However, the `TokenBank` contract inherits from `Token` and overwrites the `WithdrawToken` function, so the version in `Token` is not reachable. The overwritten version in `TokenBank` does not contain any low level calls. Therefore, this contract is not vulnerable to the unchecked low level call vulnerability.

However, I would like to point out that the `TokenBank` contract has other vulnerabilities. In the `WithdrawToHolder` function, the line `_addr.call.value(_wei);` is an unchecked low level call and can cause the contract to be vulnerable to the same attack as the original contract. Additionally, the `Holders` mapping should be initialized to zero, not to the `msg.value` in the `Deposit` function. This can cause the contract to fail to hold funds properly. Finally, the `onlyOwner` modifier is not used in any functions in the `TokenBank` contract, so any function can be called by any address. This can lead to unintended behavior and potential security vulnerabilities.",unchecked low level calls,4.0,787.0,6.0,0.7674219608306885
67,unchecked low level calls," NO, the provided code is not vulnerable to the unchecked low level calls vulnerability. The code uses the `.transfer()` function to send Ether, which automatically checks for errors and will not result in fail-opens. However, it is always good practice to check the return value of `.transfer()` to ensure the transaction was successful.

The `GameConfig` contract is also not vulnerable as it does not contain any low level calls. It is a separate contract and is not related to the `HomeyJar` contract in terms of vulnerabilities.",unchecked low level calls,3.0,638.0,6.0,0.8094110488891602
68,unchecked low level calls," NO, the provided code does not have the unchecked low level calls vulnerability. The contract `keepMyEther` is the same as the vulnerable contract in the previous question, but it is not related to the new code added, which is the `GameConfig` contract. The `getUpgradeCardsInfo` function, `UpgradeCard` struct, `upgradeInfo` mapping, and `PLATPrice` variable in the `GameConfig` contract do not contain any vulnerabilities based on the provided information. However, it is essential to note that the `keepMyEther` contract in the code is still vulnerable, as explained in the previous question.",unchecked low level calls,3.0,660.0,6.0,0.8240549564361572
69,unchecked low level calls," NO, the provided code does not have the same vulnerability as the first code snippet. It does not use any low level functions like call(), callcode(), delegatecall(), or send(). Therefore, it does not have the issue of unchecked low level calls. However, it is always important to check the return value of any external or public functions that are called to ensure they executed successfully.",unchecked low level calls,3.0,608.0,6.0,0.8321206569671631
70,unchecked low level calls," NO, the provided code is not vulnerable to the same type of vulnerability as the previous one. It does not use any low-level functions like call(), callcode(), delegatecall(), or send(). However, it's important to note that this code snippet doesn't show the entire contract and other parts of the contract could potentially have vulnerabilities.",unchecked low level calls,1.0,596.0,6.0,1.0620143413543701
71,unchecked low level calls," NO, the provided code is not vulnerable to the same type of attack as the previous code. The code does not use any low level function calls like call(), callcode(), delegatecall(), or send() without checking their return values. However, it is always important to check the return values of these functions to ensure the contract behaves as expected and to handle any potential errors.",unchecked low level calls,3.0,606.0,6.0,0.8133673667907715
72,unchecked low level calls," Yes, the provided code is vulnerable due to the unchecked low level call in the `Vault` function of the `DepositProxy` contract. The line `target.call.value(msg.value)(data);` in the `proxy` function of the `Proxy` contract does not check the return value of the low level call, which can lead to fail-opens and other unwanted outcomes if the call to `target` fails.",unchecked low level calls,3.0,615.0,6.0,0.819676399230957
73,front running," NO, the provided code does not have the same vulnerability as the first contract. The second contract does not contain any functionality that would allow for front-running attacks. It is a separate contract that includes a struct, a mapping, and a function to retrieve information about an upgrade card. The first contract's vulnerability comes from the fact that it allows for a user's reward to be claimed by another user before the original user has a chance to claim it, due to the public nature of the blockchain and the ability for users to specify higher gas fees. The second contract does not contain any similar functionality.",front running,1.0,647.0,6.0,0.7866473197937012
74,front running," NO, the provided code does not contain the front-running vulnerability. The `FindThisHash` contract has a simple `solve` function that checks for a specific hash and transfers ether if the hash matches. The `getUpgradeCardsInfo` function, `UpgradeCard` struct, `upgradeInfo` mapping, and `PLATPrice` variable in the `GameConfig` contract are unrelated to the `solve` function and do not introduce the vulnerability. However, it is important to note that the `sha3` function used in the `solve` function is deprecated and should be replaced with the `keccak256` function in more recent versions of Solidity.",front running,1.0,662.0,6.0,0.9008884429931641
75,front running," NO, this contract is not vulnerable to front-running attacks based on the provided code. The reason is that it does not contain any functions that could be exploited for front-running, such as the `approve` function in the previous example. The contract in the provided code is an ERC20 token contract, and it does not contain any business logic related to the GameConfig contract. Therefore, it is not vulnerable to front-running attacks based on the provided code.

However, it is important to note that front-running attacks can occur in other parts of the system, such as in the GameConfig contract or in other contracts that interact with this ERC20 token contract. Therefore, it is essential to audit the entire system to ensure that it is secure and free from vulnerabilities.",front running,1.0,681.0,6.0,0.7800145149230957
76,front running," NO, this contract is not vulnerable to front-running. The reason is that it does not contain any functionality that could be exploited by a front-running attack. It is a simple contract for a game with no external calls to other contracts or reliance on user-provided data that could be manipulated by a front-running attack.",front running,1.0,592.0,6.0,0.8903522491455078
77,arithmetic," NO, the provided code does not have the same vulnerability. The reason is that it uses the SafeMath library, which includes functions to perform arithmetic operations safely and prevents overflows and underflows. In this code, the `mul` function is used, which checks for overflows and throws an error if one occurs.",arithmetic,1.0,592.0,6.0,0.8853213787078857
78,arithmetic," The answer is NO, the provided code is not vulnerable to the arithmetic overflow issue. This is because it uses the SafeMath library, which includes checks for overflows and underflows in arithmetic operations. In the `getUpgradeCardsInfo` function, the `SafeMath.mul` function is used to multiply `ethCost` and `PLATPrice`, ensuring that overflows are prevented.",arithmetic,3.0,606.0,6.0,0.8928136825561523
79,arithmetic," NO, this contract is not vulnerable to arithmetic overflows or underflows in the provided function. The `SafeMath` library is used in the `GameConfig` contract, which prevents arithmetic overflows and underflows by checking for them in arithmetic operations. However, the `Overflow_Add` contract is still vulnerable in its `add` function, as it doesn't use the `SafeMath` library.",arithmetic,3.0,608.0,6.0,0.8061385154724121
80,arithmetic," NO, this contract is not vulnerable to the same type of arithmetic overflow as the first contract, because it uses the SafeMath library for arithmetic operations, which includes checks for overflows and underflows.",arithmetic,1.0,568.0,6.0,0.754568338394165
81,arithmetic," No, this contract is not vulnerable to the same type of arithmetic overflow as the previous contract. The use of the SafeMath library in the GameConfig contract helps prevent overflows and underflows in arithmetic operations. In the `getUpgradeCardsInfo` function, the `SafeMath.mul()` function is used to multiply `ethCost` and `PLATPrice`, which helps ensure that the result does not overflow. However, it's essential to use SafeMath for all arithmetic operations to ensure the contract's security.

In the TimeLock contract, it would be better to use SafeMath for the `lockTime` mapping to ensure no overflows occur in the `increaseLockTime` function.",arithmetic,3.0,666.0,6.0,0.7958078384399414
82,arithmetic," The smart contract code is vulnerable. The vulnerability lies in the `buy` and `sell` functions. If `numTokens` is an unsigned integer and its value is larger than the maximum value that can be represented by an unsigned integer, it will cause an integer overflow when calculating `numTokens * PRICE_PER_TOKEN`, leading to a security issue. The same issue exists in the `sell` function when calculating `numTokens * PRICE_PER_TOKEN`. Additionally, the contract does not use a library like `SafeMath` to prevent integer overflows and underflows, making it more susceptible to this type of vulnerability.",arithmetic,3.0,651.0,6.0,0.8051574230194092
83,arithmetic," NO, the provided code in the second contract is not vulnerable to the given integer overflow vulnerability. This is because it uses the SafeMath library, which includes checks for overflows and underflows in arithmetic operations. In the `getUpgradeCardsInfo` function, the `SafeMath.mul` function is used to perform multiplication, ensuring that overflows and underflows are handled correctly.",arithmetic,1.0,604.0,6.0,1.3349297046661377
84,arithmetic," NO, this contract is not vulnerable to the same type of arithmetic overflow as the previous one. The `SafeMath` library is used in this contract, which includes checks for overflows and underflows in arithmetic operations. In the `getUpgradeCardsInfo` function, all arithmetic operations are performed using the `SafeMath` library, so no overflow or underflow vulnerabilities exist in this function.",arithmetic,1.0,607.0,6.0,0.7965073585510254
85,arithmetic," The answer is NO, the provided code does not have the same arithmetic vulnerability as the first contract. This is because it uses the SafeMath library for arithmetic operations, which includes checks for overflows and underflows. In the `getUpgradeCardsInfo` function, the `SafeMath.mul` function is used to multiply `ethCost` and `PLATPrice`, ensuring that there are no arithmetic overflows or underflows.",arithmetic,1.0,614.0,6.0,0.7598967552185059
86,arithmetic," The provided code is part of a larger contract and includes a struct, a mapping, and a function. The function `getUpgradeCardsInfo` does not perform any arithmetic operations on the `count` variable in the main contract, and it uses the `SafeMath` library for any arithmetic operations within the function. Therefore, the provided code is not vulnerable to arithmetic overflows or underflows.

However, it is important to note that the vulnerability assessment should be done on the entire contract, not just the provided code. The rest of the contract should also be checked for any arithmetic operations that might lead to overflows or underflows. In this case, since the `SafeMath` library is being used, it would prevent overflows and underflows in the rest of the contract as well, as long as it is used consistently.",arithmetic,3.0,695.0,6.0,0.8295834064483643
87,arithmetic," NO, this contract code does not have the same arithmetic vulnerability as the first one. The SafeMath library is used in the GameConfig contract, which helps prevent overflows and underflows in arithmetic operations. However, the provided code snippet does not show the implementation of the SafeMath library. It's important to ensure that the library is implemented and used correctly to avoid arithmetic vulnerabilities.",arithmetic,3.0,603.0,6.0,0.8164587020874023
88,arithmetic," NO, this contract is not vulnerable to the same type of arithmetic overflow as the previous one. The reason is that it uses the SafeMath library, which includes functions to perform arithmetic operations that check for overflows and underflows. In this case, the `mul` function is used in the `getUpgradeCardsInfo` function, which is a SafeMath function that checks for overflows. However, the `IntegerOverflowAdd` contract itself is still vulnerable to arithmetic overflows, as it does not use SafeMath.",arithmetic,3.0,633.0,6.0,0.9776785373687744
89,arithmetic," No, the second code snippet is not vulnerable to arithmetic overflows or underflows in the provided function. The SafeMath library is used in the `getUpgradeCardsInfo` function, which ensures that arithmetic operations do not result in overflows or underflows. However, it is important to note that the rest of the contract should also be checked for potential vulnerabilities.",arithmetic,3.0,601.0,6.0,0.801018238067627
90,arithmetic," NO, this contract is not vulnerable to the same type of arithmetic overflow as the first contract. The reason is that it uses the SafeMath library, which includes functions to perform arithmetic operations that prevent overflows and underflows. In this case, the `mul` function is used to calculate the `platCost`, which handles multiplication without allowing overflows. However, other types of vulnerabilities may still exist in the contract.",arithmetic,1.0,612.0,6.0,0.815009355545044
91,bad randomness," NO, this contract is not vulnerable to the bad randomness issue. The contract you provided in the first example is vulnerable because it uses `blockhash` to generate the ""random"" value, which is predictable and can be manipulated by miners. The second contract does not have any function or variable that generates a random value, so it is not vulnerable to this type of attack.

However, I would like to point out that the `getUpgradeCardsInfo` function in the second contract is marked as `external` and `constant`. This means that it can be called by anyone, including users who are not the owner of the contract, and it will not modify the state of the contract. If the `upgradeInfo` mapping contains sensitive information, it may be a security risk to allow anyone to access it. It would be more secure to mark this function as `internal` or `private`, so that it can only be called by other functions within the contract.",bad randomness,2.0,722.0,6.0,0.7985794544219971
92,bad randomness," Yes, the smart contract code is vulnerable to bad randomness. The vulnerability lies in the following lines:

- uint public blockNumber = block.number;
- address seed1 = contestants[uint(block.coinbase) % totalTickets].addr;
- address seed2 = contestants[uint(msg.sender) % totalTickets].addr;
- uint seed3 = block.difficulty;
- blockNumber = block.number;

The reason for this vulnerability is that the block.coinbase, msg.sender, and block.difficulty are not truly random values and can be manipulated by miners. The block.number is also predictable and can be known in advance by the miner of the next block. Therefore, using these values for generating randomness can lead to predictable and manipulable results.

The given code does not include the `GameConfig` contract, so we cannot evaluate whether it introduces any additional vulnerabilities. However, the vulnerabilities mentioned above are present in the `Ethraffle_v4b` contract.",bad randomness,3.0,721.0,6.0,0.7867581844329834
93,bad randomness," The answer is:

NO, the provided code is not vulnerable. The reason is that this code does not contain any function that uses the random number generation technique, unlike the previous code provided. Therefore, it is not possible to evaluate the random number generation's correctness or incorrectness.

However, it is essential to note that if the `block.blockhash` function is used in a similar way as in the previous code, it would be vulnerable to miner manipulation. But, in this code, it is not used, so it is not vulnerable.",bad randomness,1.0,638.0,6.0,0.8407976627349854
94,bad randomness," NO, the provided code does not appear to have the same vulnerability as the previous one. It does not generate randomness based on the block number, so it is not susceptible to the bad randomness vulnerability. However, this is just based on the provided code and the actual vulnerability might depend on other parts of the contract or the context in which it is used.",bad randomness,1.0,600.0,6.0,0.8077428340911865
95,bad randomness," NO, the provided code does not appear to have the same vulnerability as the first contract. The second contract does not generate randomness using blockhashes or timestamps, so it is not vulnerable to bad randomness in the same way. However, this does not mean that the contract is secure. It should still be thoroughly audited for other potential vulnerabilities.",bad randomness,3.0,597.0,6.0,0.7912795543670654
96,bad randomness," NO, the provided code does not contain any vulnerabilities related to bad randomness. The `salt` variable is still set to the block timestamp, which is predictable and can be a source of bad randomness, but the `salt` variable is not used in any of the functions in the `GameConfig` contract. The `random` function is still present, but it is not used in the provided code, so it does not contribute to any vulnerabilities in this context. However, if `random` function is used in a critical functionality where unpredictability is required, then it can be a source of vulnerability due to the use of `block.timestamp` as a source of randomness.",bad randomness,3.0,664.0,6.0,0.8297305107116699
97,reentrancy," Yes, the first contract (W\_WALLET) is vulnerable to reentrancy attacks. The vulnerability lies in the `Collect` function, specifically in the line `if(msg.sender.call.value(_am)())`. This line allows for a reentrancy attack because it calls an untrusted contract before the initial execution is complete, allowing the contract state to change in the middle of execution.

The second contract (GameConfig) is not vulnerable to reentrancy attacks as there is no such low level function or external contract calls that can change the contract state before the initial execution is complete.",reentrancy,3.0,651.0,6.0,0.8722949028015137
98,reentrancy," NO, the provided code is not vulnerable to reentrancy attacks based on the given code. The `withdrawFunds()` function uses the `call.value()` function to send ether, which prevents the contract from calling arbitrary functions on the `msg.sender` contract. However, it is still recommended to use the Checks-Effects-Interactions pattern to ensure the best security practices. Also, it is important to note that the code is written in an older version of Solidity (^0.4.10), and it is recommended to use the latest version whenever possible.",reentrancy,1.0,641.0,6.0,0.8484528064727783
99,reentrancy," Yes, the first contract `DEP_BANK` is vulnerable to a reentrancy attack. The `Collect` function calls `msg.sender.call.value(_am)()` which can allow an attacker to call the `Collect` function again before the initial execution is complete, changing the contract state in the middle of execution.

The second contract `GameConfig` is not vulnerable to a reentrancy attack based on the provided code. It does not contain any functions that call external contracts before the initial execution is complete, so there is no risk of a contract state being changed in the middle of execution.",reentrancy,3.0,649.0,6.0,0.8135097026824951
100,reentrancy," NO, the second code snippet is not vulnerable to reentrancy attacks based on the provided code. The `withdraw` function in the first contract is vulnerable because it calls an external contract (`msg.sender`) before updating the contract state (by subtracting the withdrawn amount from the sender's balance). The second contract does not contain such a function.

However, it is essential to note that the second contract imports another contract `GameConfig`. If the `GameConfig` contract or any other contract used within the `Reentrance` contract contains a function that allows reentrancy attacks, then the whole system could still be vulnerable. Therefore, it is crucial to audit the entire codebase and all its dependencies to ensure there are no vulnerabilities.",reentrancy,3.0,678.0,6.0,0.8690965175628662
101,reentrancy," No, the provided SimpleDAO contract does not contain the specific vulnerability from the initial code. However, it is important to note that the SafeMath library is not being used in the SimpleDAO contract, and it should be used to prevent arithmetic overflows and underflows.

The GameConfig contract, while not directly related to the SimpleDAO contract in the provided code, also does not contain any obvious vulnerabilities based on the extracted elements.",reentrancy,2.0,616.0,6.0,0.8231117725372314
102,reentrancy," Answer:

Yes, the first contract code is vulnerable to a reentrancy attack. The vulnerability exists in the `Collect` function where it calls `msg.sender.call.value(_am)()`. This allows for a malicious contract to call the `Collect` function again before the initial execution is complete, changing the contract state in the middle of execution.

The second contract code is not vulnerable to a reentrancy attack, as there is no instance of a call to an external contract before the initial execution is complete.",reentrancy,3.0,633.0,6.0,0.8374519348144531
103,reentrancy," Yes, the first contract code is vulnerable to a reentrancy attack. The `Collect` function calls `msg.sender.call.value(_am)()` which can allow an attacker to recursively call the `Collect` function and drain the contract of funds. This is because the `balance` of the sender is updated after the `call.value(_am)()` which allows for the reentrancy attack.

The second contract code is not vulnerable based on the provided code. The `getUpgradeCardsInfo` function is a view function and does not modify the contract state, so it cannot be used for a reentrancy attack. The `AddMessage` function in the `LogFile` contract also does not modify the contract state, so it is not vulnerable. However, it is still important to thoroughly test and audit any smart contract before deploying it to the mainnet.",reentrancy,3.0,704.0,6.0,0.8299460411071777
104,reentrancy," NO, the provided code does not contain any vulnerabilities related to reentrancy attacks based on the given information. The `withdrawReward` function is called after updating the state variable `rewardsForA[recipient]`, which prevents reentrancy attacks. However, it is essential to check other functions in the contract to ensure complete security.",reentrancy,3.0,598.0,6.0,0.9152586460113525
105,reentrancy," Yes, the first contract code is vulnerable to a reentrancy attack. The `Collect` function calls `msg.sender.call.value(_am)()` which can allow an attacker to recursively call the `Collect` function and drain the contract of funds. This can be mitigated by using the ""checks-effects-interactions"" pattern, where all state changes are made before any external calls are made.

The second contract code is not provided, so it cannot be evaluated for vulnerabilities. The provided code for the `Log` contract only includes the `AddMessage` function, which does not contain any external calls or state changes, so it is not vulnerable to a reentrancy attack based on the provided information.

The `GameConfig` contract is not vulnerable to a reentrancy attack based on the provided information, as it does not contain any functions that call external contracts before making state changes. However, it is always important to thoroughly test and audit smart contract code to ensure that there are no vulnerabilities.",reentrancy,3.0,730.0,6.0,2.068021297454834
106,reentrancy," Yes, the first contract code is vulnerable to reentrancy attacks. The `Collect` function calls `msg.sender.call.value(_am)()` which can allow an attacker to recursively call the `Collect` function and drain the contract of funds before the initial execution is complete. This is the same vulnerability found in the provided example.

The second contract code, GameConfig, does not contain any functions that call external contracts before the initial execution is complete, so it is not vulnerable to reentrancy attacks.",reentrancy,3.0,631.0,6.0,0.8476412296295166
107,reentrancy," Yes, the first contract (X\_WALLET) is vulnerable to a reentrancy attack. The `Collect` function uses `msg.sender.call.value(_am)()` which calls an untrusted contract before the initial execution is complete, allowing the state of the contract to change in the middle of its execution. This is the same line where the vulnerability was pointed out in the original contract.

The second contract (GameConfig) is not vulnerable to a reentrancy attack based on the provided code. It does not have any functions that call external contracts before the initial execution is complete.",reentrancy,3.0,650.0,6.0,0.7975203990936279
108,reentrancy," NO, the provided code does not contain the vulnerability for reentrancy. The reason is that there are no external calls in the functions that change the contract's state, which can be potential reentrancy points. The `WithdrawToHolder` function transfers ether using `.call.value()`, but it does not change the contract's state, so it does not pose a reentrancy risk.",reentrancy,1.0,609.0,6.0,0.8029367923736572
109,reentrancy," The first smart contract code is vulnerable to a reentrancy attack. The `airDrop` function in the `ModifierEntrancy` contract allows the contract balance to be modified before the function call to `Bank(msg.sender).supportsToken()` has completed. This allows for the potential of an attacker to repeatedly call the `airDrop` function and drain the contract of funds.

The second smart contract code is not directly vulnerable to a reentrancy attack based on the provided code. However, it is important to note that the `GameConfig` contract is not included in the `attack` contract's `call` function, so it is not possible to fully evaluate the potential for a reentrancy attack. It is always important to ensure that external calls to untrusted contracts are made with caution and proper checks are in place to prevent potential attacks.",reentrancy,3.0,700.0,6.0,0.820012092590332
110,reentrancy," Yes, the first contract (ETH\_FUND) is vulnerable to a reentrancy attack. The vulnerability lies in the `CashOut` function, specifically at `if(msg.sender.call.value(_am)())`. This allows for a call to be made from the recipient contract before the current call is finished, allowing for the attack.

The second contract (GameConfig) is not provided in full, so it's not possible to evaluate its vulnerabilities. However, based on the provided code, the second contract does not appear to be vulnerable to a reentrancy attack in the `getUpgradeCardsInfo` function.",reentrancy,3.0,654.0,6.0,0.774822473526001
111,reentrancy," Yes, the first contract `PERSONAL_BANK` is vulnerable to reentrancy attacks. The `Collect` function calls `msg.sender.call.value(_am)()` which can allow an attacker to repeatedly call the `Collect` function and drain the contract of funds. This is because the state of the contract changes (i.e. the balance of the msg.sender is updated) before the function execution is complete.

The second contract `LogFile` is not provided in the question, so it cannot be evaluated for vulnerabilities.

The contract `GameConfig` is not vulnerable to reentrancy attacks as it does not have a function that calls an external contract before the state changes. However, it is always important to thoroughly test and review any smart contract code before deploying it to the mainnet.
```python

```",reentrancy,3.0,693.0,6.0,0.7932493686676025
112,reentrancy," NO, the provided code is not vulnerable to reentrancy attacks. The `withdrawAll` function uses the `call.value` function to send Ether to the `msg.sender` address, but it does not involve calling a function on the recipient contract. Therefore, there is no risk of a reentrancy attack.

However, it is important to note that the `withdrawAll` function can still be improved for gas efficiency and exception safety. Specifically, the `require` statement should be placed before transferring funds to avoid wasting gas in case the `require` condition fails. Additionally, using the `transfer` function instead of `call.value` can help prevent errors due to revert exceptions. Here's an example of how the `withdrawAll` function can be improved:
```scss
function withdrawAll() public {
    uint oCredit = credit[msg.sender];
    if (oCredit > 0) {
        credit[msg.sender] = 0;
        require(msg.sender.transfer(oCredit));
    }
}
```
This version of the function first sets the `credit` mapping to zero, and then transfers the funds to the `msg.sender` address. If the transfer fails, the function will automatically revert and no funds will be transferred. This approach can help prevent errors and improve gas efficiency.",reentrancy,1.0,789.0,6.0,0.815375566482544
113,reentrancy," NO, the provided code does not contain the vulnerable line that allows reentrancy attacks. However, it's important to note that the `withdrawBalance` function in the first contract is still vulnerable to reentrancy attacks.

In the second contract, the `getUpgradeCardsInfo` function does not contain any vulnerabilities related to reentrancy attacks based on the provided code. It is a view function, which means it does not modify the contract state and does not include any operations that could be exploited for reentrancy.

However, as a best practice, it's important to review the entire contract and its interactions with other contracts to ensure there are no potential reentrancy attacks or other vulnerabilities.",reentrancy,3.0,668.0,6.0,0.8145191669464111
114,reentrancy," Yes, the first contract code is vulnerable to a reentrancy attack. The `CashOut` function uses `call.value()` to send Ether to the msg.sender, but it does so before updating the balances mapping. This allows for a reentrancy attack where the msg.sender calls the `CashOut` function recursively before the contract's state is updated.

The second contract code, `GameConfig`, does not contain any functions that call external contracts before updating the contract's state, so it is not vulnerable to a reentrancy attack.",reentrancy,3.0,639.0,6.0,0.966010332107544
115,reentrancy," Yes, the first contract (ETH\_VAULT) is vulnerable to a reentrancy attack. The vulnerability lies in the `CashOut` function, specifically at `msg.sender.call.value(_am)()`. This line allows for a call to an external contract before the initial execution is complete, potentially allowing the state of the contract to change mid-execution.

The second contract (GameConfig) is not vulnerable to a reentrancy attack in the provided `getUpgradeCardsInfo` function, as it does not involve any external calls or changes to the contract state.",reentrancy,3.0,646.0,6.0,0.788719892501831
116,reentrancy," Yes, the first smart contract code is vulnerable to a reentrancy attack. The `Collect` function calls `msg.sender.call.value(_am)()` which allows for a new call to be made to the calling contract before the initial execution is complete, potentially changing the contract state in the middle of execution. This is the exact scenario that allows for reentrancy attacks to occur.

The second smart contract code, however, does not contain the same vulnerability. It does not include any function that calls an external contract before the initial execution is complete, so it is not susceptible to reentrancy attacks.",reentrancy,3.0,651.0,6.0,0.7856128215789795
117,reentrancy," No, the provided GameConfig contract is not directly vulnerable to the reentrancy attack based on the provided code. The reason is that it does not contain any functions that modify state and call external contracts in a way that would allow for reentrancy. However, it's important to note that the Reentrancy_cross_function contract is still vulnerable, and if GameConfig is using an instance of Reentrancy_cross_function, it could indirectly lead to vulnerabilities.

To ensure security, it's essential to audit the entire system, including the interactions between contracts, to identify potential vulnerabilities.",reentrancy,3.0,644.0,6.0,0.8070776462554932
118,reentrancy," NO, the provided code does not contain the vulnerable function call pattern as in the first example. The `withdrawBalance` function in the first example is calling `msg.sender` directly, which could be an external contract, and allowing it to call back into the `Reentrance` contract before the state has been updated. In the second example, the `getUpgradeCardsInfo` function does not modify state and only returns information, so there is no risk of reentrancy.",reentrancy,1.0,627.0,6.0,0.8611702919006348
119,reentrancy," Yes, the first contract code is vulnerable to a reentrancy attack. The `CashOut` function uses `msg.sender.call.value(_am)()`, which allows for a call to an external contract before the initial execution is complete. This can lead to the contract state changing in the middle of execution, allowing for a reentrancy attack.

The second contract code is not provided, so it cannot be evaluated for vulnerabilities. The provided code for the `Log` contract is not relevant to the evaluation of the `PrivateDeposit` contract.",reentrancy,3.0,639.0,6.0,0.7722961902618408
120,reentrancy," Yes, the first contract code is vulnerable to a reentrancy attack. The `CashOut` function uses `msg.sender.call.value(_am)()`, which allows for a call to an external contract before the initial execution is complete. This can lead to the contract state being changed in the middle of execution, allowing for a reentrancy attack.

The second contract code does not use `msg.sender.call.value()` or any similar function, so it is not vulnerable to a reentrancy attack. The `getUpgradeCardsInfo` function simply retrieves and returns information from the `upgradeInfo` mapping, and does not allow for external calls or changes to the contract state during execution.",reentrancy,3.0,668.0,6.0,0.854992151260376
121,reentrancy," Yes, the first contract (PRIVATE\_ETH\_CELL) is vulnerable to a reentrancy attack. The vulnerability lies in the `Collect` function, specifically at `msg.sender.call.value(_am)()`. This allows for the caller to change the contract state before the `Collect` function has completed execution, which is a form of reentrancy attack.

The second contract (GameConfig) is not vulnerable to a reentrancy attack based on the provided code snippet. The `getUpgradeCardsInfo` function does not modify the contract state, and it does not contain any calls to external contracts, so there is no risk of reentrancy.",reentrancy,3.0,664.0,6.0,0.818932056427002
122,reentrancy," Yes, the first contract (Private\_Bank) is vulnerable to a reentrancy attack. The vulnerability lies in the `CashOut` function, specifically in the line `if(msg.sender.call.value(_am)())`. This line allows for a call to an external contract before the initial execution is complete, which is a condition for a reentrancy attack.

The second contract (GameConfig) is not vulnerable to a reentrancy attack in the provided `getUpgradeCardsInfo` function. This function does not involve any external calls, mutable state changes, or transfer of funds, which are the main conditions for a reentrancy attack.",reentrancy,3.0,661.0,6.0,0.8125662803649902
123,reentrancy," Yes, the first contract (U\_BANK) is vulnerable to a reentrancy attack. The `Collect` function calls `msg.sender.call.value(_am)()` which can allow an attacker to call the `Collect` function again before the initial execution is complete, changing the contract state in the middle of execution.

The second contract (GameConfig) is not vulnerable to a reentrancy attack in the `getUpgradeCardsInfo` function because it is a constant function and does not modify the contract state. It only reads from the `upgradeInfo` mapping and returns the values.",reentrancy,3.0,649.0,6.0,0.8781051635742188
124,reentrancy," Yes, the first contract code is vulnerable to a reentrancy attack. The `CashOut` function uses `msg.sender.call.value(_am)()`, which allows for a call to an external contract before the initial execution is complete. This can lead to the contract state changing in the middle of execution, allowing for a reentrancy attack.

The second contract code does not use `msg.sender.call.value()` or any similar function, so it is not vulnerable to a reentrancy attack.",reentrancy,3.0,630.0,6.0,0.7790975570678711
125,reentrancy," Yes, the first contract (BANK\_SAFE) is vulnerable to a reentrancy attack. The vulnerability lies in the `Collect` function, specifically at `msg.sender.call.value(_am)()`. This allows for the caller to change the contract state before the `Collect` function has completed execution, which is a form of reentrancy attack.

The second contract (GameConfig) is not vulnerable to a reentrancy attack based on the provided code snippet. The `getUpgradeCardsInfo` function does not modify the contract state, and therefore there is no risk of reentrancy attacks.",reentrancy,3.0,652.0,6.0,0.7716789245605469
126,reentrancy," NO, the provided `Reentrancy_insecure` contract in the second code block does not contain the vulnerable function `withdrawBalance()` from the first code block. Therefore, it is not vulnerable to the reentrancy attack based on the provided code.",reentrancy,1.0,581.0,6.0,0.8231492042541504
127,time manipulation," The answer is: YES, it is potentially vulnerable.

The given code does not seem to have any function that uses the block timestamp directly. However, there is a function `isSaleFinished()` which checks if the current timestamp is greater than or equal to a specific timestamp. If this function is used in a critical part of the contract where time-sensitive operations are performed, it can be exploited through time manipulation.

Moreover, the `getUpgradeCardsInfo()` function retrieves information from the `upgradeInfo` mapping based on the `upgradecardId` parameter. If this function is used in a time-sensitive operation and the `upgradecardId` can be manipulated by an attacker, it could lead to a time manipulation vulnerability.

Therefore, it is important to ensure that these functions are used in a secure manner and are not part of any time-sensitive operations that can be exploited through time manipulation.",time manipulation,3.0,706.0,6.0,1.5779504776000977
128,time manipulation," NO, the provided code does not contain the vulnerability of time manipulation. The code you provided for explanation and the code provided for evaluation are different. The evaluation code does not use `now` (alias for `block.timestamp`) in a way that is dependent on the contract's functionality, so it is not vulnerable to time manipulation.",time manipulation,1.0,595.0,6.0,1.0707075595855713
129,time manipulation," NO, this contract is not vulnerable to time manipulation as it does not use the `block.timestamp` or `now` for critical functionality. The `lastInvestmentTimestamp` is used to prevent rapid resets of the investment, but since it's only checked against a one-minute interval, minor variations in the timestamp due to miner latitude will not affect the contract's functionality.",time manipulation,1.0,601.0,6.0,0.8787021636962891
130,time manipulation," NO, the provided code does not contain any time manipulation vulnerabilities as there is no usage of `now` or `block.timestamp` in the given functions and structs. The vulnerability in the first contract is due to the reliance on `now` for the execution of certain actions, which is not present in the second contract.",time manipulation,1.0,593.0,6.0,0.7774157524108887
131,time manipulation," NO, the provided code does not appear to be vulnerable to time manipulation or any other type of attack based on the provided information. The code is a simple smart contract for a game that accepts payments of a certain amount and, with a 50% chance, transfers the fees to the bank contract and sends the rest of the pot to the player who made the play. The game's outcome is not dependent on the current time or any other external factor, so it is not vulnerable to time manipulation.

However, it is always important to thoroughly test and audit smart contracts to ensure their security and reliability. The code provided is a simplified example and may not include all the necessary checks and balances for a production-ready contract.",time manipulation,1.0,671.0,6.0,0.7878141403198242
132,short addresses," NO, the provided code for the `MyToken` contract does not have the short address vulnerability. The vulnerability you described is related to the incorrect encoding of transaction inputs, which is not shown in this code. The `MyToken` contract's `sendCoin` function appears to be checking the `msg.sender` address, which is the correct way to get the address of the calling contract. However, I cannot comment on the vulnerability of other contracts (`GameConfig` in this case) as they are not fully provided.",short addresses,1.0,634.0,6.0,0.8607697486877441
133,denial of service," NO, the provided code does not have the same vulnerability as the first contract. The first contract has a denial of service vulnerability because it allows anyone to reset the contract's state by calling `emptyCreditors()` if the number of creditor addresses exceeds 1500. The provided contract does not have a function that allows arbitrary resetting of the contract's state.

However, it is essential to note that the provided contract uses a different set of functionalities and interacts with a `GameConfig` contract. Therefore, the vulnerability might be present in the `GameConfig` contract or other parts of the system that were not provided. The provided code should be tested in the context of the complete system to ensure its security.",denial of service,1.0,671.0,6.0,0.8215701580047607
134,denial of service," NO, the second smart contract code is not vulnerable to denial of service attack in the given code snippet. The vulnerabilities in the first contract do not exist in the second one. The second contract does not have a function that could be exploited to cause a denial of service attack. However, it is important to note that a full audit would require reviewing all functions and aspects of the contract, not just the provided code snippet.",denial of service,1.0,614.0,6.0,0.8110561370849609
135,denial of service," NO, this contract is not vulnerable to denial of service attacks in the given code snippet. The provided code is just a part of a contract that includes a `GameConfig` contract, but it does not show how it is used or integrated with the `Government` contract. Therefore, it is not possible to determine if it is vulnerable based on this snippet.

However, I can tell you that the `Government` contract has a vulnerability in lines 46 and 48, where it sets the `creditorAddresses` and `creditorAmounts` arrays to new arrays with zero elements. If these arrays have a fixed size, this could potentially lead to a denial of service attack by repeatedly causing the arrays to be reset and resized, consuming gas and causing the contract to become unresponsive. However, since Solidity 0.4.0 (the version specified in the contract) does not support dynamic arrays, it is likely that these arrays are not resized, but rather have a fixed size. In this case, resetting them to zero would not be a denial of service vulnerability.

To fully assess the vulnerabilities of the `Government` contract, one would need to review the entire contract and its intended behavior, as well as any other contracts it interacts with.",denial of service,3.0,781.0,6.0,0.9761314392089844
136,denial of service," NO, the provided code does not contain the same vulnerability as the first contract. The `refundAll` function could still potentially run out of gas if one of the refund transactions fails, but that is not a denial of service vulnerability. The contract could still continue to function, albeit in a compromised state. The `send` function should be replaced with a low-level call to properly handle failure and prevent a denial of service attack.",denial of service,2.0,616.0,6.0,0.7945170402526855
137,denial of service," NO, the provided code is not vulnerable to a denial of service attack as there is no function that can be spammed to fill up the blockchain storage. Each function has a specific functionality and there is no function that appends data to a storage array in a loop.",denial of service,1.0,584.0,6.0,0.7611939907073975
138,denial of service," NO, the provided code does not appear to have the same denial-of-service vulnerability as the previous code. The `bid` function in this contract does not call an external contract's function in a way that could be used for a reentrancy attack. However, it's important to note that this contract has other potential issues, such as the lack of a `transfer` function in the `send` call, which could result in a failure if the recipient address is a contract that does not have a fallback function or a function that can receive ether.

In the provided code, the `getUpgradeCardsInfo` function, `UpgradeCard` struct, `upgradeInfo` mapping, and `PLATPrice` variable are not directly related to the `bid` function and do not appear to contribute to any vulnerabilities in this specific function. However, they may introduce vulnerabilities elsewhere in the contract or interacting contracts. It's essential to analyze the entire contract and its interactions to ensure security.",denial of service,1.0,725.0,6.0,0.77236008644104
